date_id,tmstp,date,day_of_week,month,year
1,2020-07-04 21:23:10,2020-07-04,4,7,2020
2,2021-07-03 07:13:40,2021-07-03,3,7,2021
3,2021-05-03 00:55:54,2021-05-03,3,5,2021
4,2021-03-16 10:03:55,2021-03-16,16,3,2021
5,2022-02-22 16:29:22,2022-02-22,22,2,2022
6,2022-06-10 22:19:28,2022-06-10,10,6,2022
7,2022-03-22 11:25:33,2022-03-22,22,3,2022
8,2020-11-20 08:06:37,2020-11-20,20,11,2020
9,2021-11-06 09:57:10,2021-11-06,6,11,2021
10,2021-06-29 22:11:10,2021-06-29,29,6,2021
11,2020-09-18 18:31:36,2020-09-18,18,9,2020
12,2021-12-30 21:27:38,2021-12-30,30,12,2021
13,2022-01-20 07:51:03,2022-01-20,20,1,2022
14,2020-09-24 07:15:12,2020-09-24,24,9,2020
15,2021-08-17 01:14:11,2021-08-17,17,8,2021
16,2021-03-15 12:46:30,2021-03-15,15,3,2021
17,2022-06-09 18:05:53,2022-06-09,9,6,2022
18,2022-09-20 21:43:51,2022-09-20,20,9,2022
19,2022-05-14 08:36:57,2022-05-14,14,5,2022
20,2021-09-28 01:46:17,2021-09-28,28,9,2021
21,2022-08-12 08:25:12,2022-08-12,12,8,2022
22,2021-11-18 16:46:43,2021-11-18,18,11,2021
23,2020-07-17 10:38:09,2020-07-17,17,7,2020
24,2021-10-26 20:26:47,2021-10-26,26,10,2021
25,2020-08-11 04:15:33,2020-08-11,11,8,2020
26,2021-11-11 17:18:16,2021-11-11,11,11,2021
27,2021-04-09 22:01:55,2021-04-09,9,4,2021
28,2022-01-25 07:26:37,2022-01-25,25,1,2022
29,2022-01-27 06:43:45,2022-01-27,27,1,2022
30,2021-06-17 01:49:08,2021-06-17,17,6,2021
31,2022-06-07 15:31:33,2022-06-07,7,6,2022
32,2021-10-01 14:49:38,2021-10-01,1,10,2021
33,2021-06-24 15:18:09,2021-06-24,24,6,2021
34,2021-06-18 04:26:40,2021-06-18,18,6,2021
35,2021-04-08 06:03:20,2021-04-08,8,4,2021
36,2021-02-28 03:41:01,2021-02-28,28,2,2021
37,2022-03-07 07:19:08,2022-03-07,7,3,2022
38,2022-06-12 12:14:28,2022-06-12,12,6,2022
39,2021-11-20 14:51:03,2021-11-20,20,11,2021
40,2021-06-14 09:36:15,2021-06-14,14,6,2021
41,2022-11-22 12:25:49,2022-11-22,22,11,2022
42,2022-02-15 15:10:54,2022-02-15,15,2,2022
43,2021-09-24 05:47:19,2021-09-24,24,9,2021
44,2023-01-25 16:37:48,2023-01-25,25,1,2023
45,2022-10-26 06:37:18,2022-10-26,26,10,2022
46,2022-01-28 00:15:23,2022-01-28,28,1,2022
47,2021-04-26 23:18:07,2021-04-26,26,4,2021
48,2021-08-12 16:25:14,2021-08-12,12,8,2021
49,2020-07-31 12:56:08,2020-07-31,31,7,2020
50,2021-06-08 05:20:18,2021-06-08,8,6,2021
51,2020-11-17 20:07:27,2020-11-17,17,11,2020
52,2020-10-06 08:39:03,2020-10-06,6,10,2020
53,2022-08-11 21:17:59,2022-08-11,11,8,2022
54,2020-12-17 16:06:00,2020-12-17,17,12,2020
55,2021-08-29 23:55:40,2021-08-29,29,8,2021
56,2023-04-28 05:03:05,2023-04-28,28,4,2023
57,2022-11-11 18:41:09,2022-11-11,11,11,2022
58,2020-11-07 05:01:28,2020-11-07,7,11,2020
59,2022-11-20 16:01:01,2022-11-20,20,11,2022
60,2022-10-20 07:22:36,2022-10-20,20,10,2022
61,2021-07-18 06:32:52,2021-07-18,18,7,2021
62,2023-04-25 08:45:05,2023-04-25,25,4,2023
63,2022-04-27 09:45:24,2022-04-27,27,4,2022
64,2021-09-10 00:45:48,2021-09-10,10,9,2021
65,2020-07-19 22:13:49,2020-07-19,19,7,2020
66,2020-05-20 16:38:25,2020-05-20,20,5,2020
67,2022-10-17 12:02:06,2022-10-17,17,10,2022
68,2022-06-05 14:38:56,2022-06-05,5,6,2022
69,2021-07-20 06:21:35,2021-07-20,20,7,2021
70,2023-05-13 09:11:01,2023-05-13,13,5,2023
71,2022-04-06 17:36:47,2022-04-06,6,4,2022
72,2022-06-02 05:00:07,2022-06-02,2,6,2022
73,2022-12-23 06:48:38,2022-12-23,23,12,2022
74,2021-07-31 16:13:28,2021-07-31,31,7,2021
75,2020-08-06 03:35:05,2020-08-06,6,8,2020
76,2021-04-19 12:04:09,2021-04-19,19,4,2021
77,2022-09-15 11:07:38,2022-09-15,15,9,2022
78,2021-10-07 11:52:06,2021-10-07,7,10,2021
79,2021-12-19 23:02:31,2021-12-19,19,12,2021
80,2021-04-13 00:15:45,2021-04-13,13,4,2021
81,2021-01-14 05:13:14,2021-01-14,14,1,2021
82,2021-08-26 22:08:21,2021-08-26,26,8,2021
83,2023-01-18 12:37:04,2023-01-18,18,1,2023
84,2021-03-21 19:34:53,2021-03-21,21,3,2021
85,2022-11-05 01:13:12,2022-11-05,5,11,2022
86,2021-05-09 22:28:08,2021-05-09,9,5,2021
87,2023-03-30 04:41:29,2023-03-30,30,3,2023
88,2020-07-29 23:39:18,2020-07-29,29,7,2020
89,2020-12-24 16:20:34,2020-12-24,24,12,2020
90,2021-06-14 21:38:39,2021-06-14,14,6,2021
91,2022-02-06 05:33:15,2022-02-06,6,2,2022
92,2020-11-10 09:10:45,2020-11-10,10,11,2020
93,2021-09-16 02:51:34,2021-09-16,16,9,2021
94,2023-03-04 22:36:32,2023-03-04,4,3,2023
95,2022-03-06 15:46:05,2022-03-06,6,3,2022
96,2022-02-26 20:34:40,2022-02-26,26,2,2022
97,2022-08-05 17:24:14,2022-08-05,5,8,2022
98,2023-03-21 20:25:34,2023-03-21,21,3,2023
99,2022-07-06 12:41:49,2022-07-06,6,7,2022
100,2022-08-27 10:48:46,2022-08-27,27,8,2022
101,2022-04-29 17:24:43,2022-04-29,29,4,2022
102,2021-04-11 02:50:43,2021-04-11,11,4,2021
103,2021-12-10 20:01:17,2021-12-10,10,12,2021
104,2023-03-16 09:49:30,2023-03-16,16,3,2023
105,2023-04-10 08:52:35,2023-04-10,10,4,2023
106,2020-09-04 14:21:51,2020-09-04,4,9,2020
107,2020-12-27 19:15:18,2020-12-27,27,12,2020
108,2020-05-21 01:12:52,2020-05-21,21,5,2020
109,2021-11-01 12:04:51,2021-11-01,1,11,2021
110,2021-04-18 04:00:53,2021-04-18,18,4,2021
111,2021-11-10 20:37:52,2021-11-10,10,11,2021
112,2022-03-25 06:45:37,2022-03-25,25,3,2022
113,2021-03-26 02:39:19,2021-03-26,26,3,2021
114,2021-04-17 02:26:49,2021-04-17,17,4,2021
115,2022-02-12 19:05:23,2022-02-12,12,2,2022
116,2022-04-01 12:51:07,2022-04-01,1,4,2022
117,2022-10-05 18:51:47,2022-10-05,5,10,2022
118,2022-09-22 13:26:54,2022-09-22,22,9,2022
119,2021-05-31 05:07:31,2021-05-31,31,5,2021
120,2022-08-28 16:57:15,2022-08-28,28,8,2022
121,2021-09-15 18:00:40,2021-09-15,15,9,2021
122,2020-11-13 05:37:19,2020-11-13,13,11,2020
123,2023-03-17 04:01:58,2023-03-17,17,3,2023
124,2020-12-14 11:10:01,2020-12-14,14,12,2020
125,2022-08-04 14:19:34,2022-08-04,4,8,2022
126,2022-12-01 20:43:49,2022-12-01,1,12,2022
127,2021-02-21 04:25:01,2021-02-21,21,2,2021
128,2020-10-23 23:04:21,2020-10-23,23,10,2020
129,2021-06-03 00:06:50,2021-06-03,3,6,2021
130,2020-09-22 06:57:28,2020-09-22,22,9,2020
131,2022-10-01 04:38:34,2022-10-01,1,10,2022
132,2022-06-18 03:28:27,2022-06-18,18,6,2022
133,2020-08-12 03:32:27,2020-08-12,12,8,2020
134,2021-01-16 10:03:37,2021-01-16,16,1,2021
135,2022-06-20 03:06:05,2022-06-20,20,6,2022
136,2021-10-29 12:27:42,2021-10-29,29,10,2021
137,2021-09-07 15:49:22,2021-09-07,7,9,2021
138,2022-12-15 10:52:01,2022-12-15,15,12,2022
139,2020-07-26 09:29:00,2020-07-26,26,7,2020
140,2021-05-07 12:09:59,2021-05-07,7,5,2021
141,2023-01-05 22:51:26,2023-01-05,5,1,2023
142,2022-10-04 10:17:38,2022-10-04,4,10,2022
143,2021-04-04 06:08:02,2021-04-04,4,4,2021
144,2021-04-15 06:07:02,2021-04-15,15,4,2021
145,2021-10-26 13:31:33,2021-10-26,26,10,2021
146,2022-04-03 06:36:04,2022-04-03,3,4,2022
147,2021-05-25 04:22:05,2021-05-25,25,5,2021
148,2021-09-09 23:36:24,2021-09-09,9,9,2021
149,2022-05-08 12:07:47,2022-05-08,8,5,2022
150,2022-06-09 07:49:32,2022-06-09,9,6,2022
151,2021-08-10 02:26:30,2021-08-10,10,8,2021
152,2021-12-22 03:11:37,2021-12-22,22,12,2021
153,2022-05-31 06:10:23,2022-05-31,31,5,2022
154,2021-01-26 18:43:20,2021-01-26,26,1,2021
155,2023-02-15 16:35:52,2023-02-15,15,2,2023
156,2020-08-18 15:28:38,2020-08-18,18,8,2020
157,2021-11-09 21:45:31,2021-11-09,9,11,2021
158,2022-11-25 00:40:05,2022-11-25,25,11,2022
159,2021-11-21 12:54:43,2021-11-21,21,11,2021
160,2022-10-12 16:23:55,2022-10-12,12,10,2022
161,2020-06-17 06:58:53,2020-06-17,17,6,2020
162,2021-01-19 23:12:14,2021-01-19,19,1,2021
163,2020-05-30 10:36:29,2020-05-30,30,5,2020
164,2022-10-13 06:03:15,2022-10-13,13,10,2022
165,2021-12-31 03:33:58,2021-12-31,31,12,2021
166,2021-01-14 12:05:41,2021-01-14,14,1,2021
167,2020-08-27 05:19:55,2020-08-27,27,8,2020
168,2022-12-24 07:20:51,2022-12-24,24,12,2022
169,2021-12-15 08:30:09,2021-12-15,15,12,2021
170,2022-04-01 10:39:38,2022-04-01,1,4,2022
171,2020-11-08 22:43:06,2020-11-08,8,11,2020
172,2022-02-01 02:37:52,2022-02-01,1,2,2022
173,2023-01-02 12:32:34,2023-01-02,2,1,2023
174,2022-04-03 01:55:30,2022-04-03,3,4,2022
175,2021-02-16 13:15:56,2021-02-16,16,2,2021
176,2020-11-16 07:08:33,2020-11-16,16,11,2020
177,2020-10-27 16:26:15,2020-10-27,27,10,2020
178,2020-08-26 10:25:51,2020-08-26,26,8,2020
179,2021-01-05 17:55:09,2021-01-05,5,1,2021
180,2021-08-28 10:46:08,2021-08-28,28,8,2021
181,2022-10-08 01:49:37,2022-10-08,8,10,2022
182,2021-07-03 18:19:32,2021-07-03,3,7,2021
183,2020-09-06 05:50:13,2020-09-06,6,9,2020
184,2021-03-08 03:06:46,2021-03-08,8,3,2021
185,2021-08-18 22:47:55,2021-08-18,18,8,2021
186,2023-04-06 03:22:32,2023-04-06,6,4,2023
187,2020-09-22 16:23:22,2020-09-22,22,9,2020
188,2022-11-15 12:35:59,2022-11-15,15,11,2022
189,2023-04-30 09:15:20,2023-04-30,30,4,2023
190,2021-06-05 21:46:51,2021-06-05,5,6,2021
191,2022-06-08 17:41:29,2022-06-08,8,6,2022
192,2022-12-05 05:13:47,2022-12-05,5,12,2022
193,2020-10-22 17:00:03,2020-10-22,22,10,2020
194,2022-02-03 04:30:37,2022-02-03,3,2,2022
195,2021-06-08 07:30:49,2021-06-08,8,6,2021
196,2022-10-25 17:48:57,2022-10-25,25,10,2022
197,2020-09-27 12:21:12,2020-09-27,27,9,2020
198,2022-08-30 10:14:28,2022-08-30,30,8,2022
199,2020-11-15 13:57:47,2020-11-15,15,11,2020
200,2023-02-25 23:00:04,2023-02-25,25,2,2023
201,2020-11-09 13:46:06,2020-11-09,9,11,2020
202,2022-05-05 16:19:57,2022-05-05,5,5,2022
203,2020-08-09 18:54:06,2020-08-09,9,8,2020
204,2020-08-12 15:24:47,2020-08-12,12,8,2020
205,2022-08-02 04:17:56,2022-08-02,2,8,2022
206,2022-06-25 21:59:48,2022-06-25,25,6,2022
207,2021-12-25 12:01:02,2021-12-25,25,12,2021
208,2022-12-17 03:19:56,2022-12-17,17,12,2022
209,2022-12-18 21:38:00,2022-12-18,18,12,2022
210,2022-03-09 03:06:16,2022-03-09,9,3,2022
211,2022-11-28 20:54:27,2022-11-28,28,11,2022
212,2022-11-19 07:06:54,2022-11-19,19,11,2022
213,2021-07-28 18:03:17,2021-07-28,28,7,2021
214,2020-12-09 21:04:52,2020-12-09,9,12,2020
215,2022-08-09 03:50:29,2022-08-09,9,8,2022
216,2021-10-13 06:16:07,2021-10-13,13,10,2021
217,2021-11-18 11:15:12,2021-11-18,18,11,2021
218,2021-02-10 05:12:23,2021-02-10,10,2,2021
219,2022-04-09 08:40:47,2022-04-09,9,4,2022
220,2023-05-07 22:25:03,2023-05-07,7,5,2023
221,2022-02-14 16:53:33,2022-02-14,14,2,2022
222,2021-02-27 03:11:47,2021-02-27,27,2,2021
223,2022-08-20 08:15:26,2022-08-20,20,8,2022
224,2021-08-26 11:32:45,2021-08-26,26,8,2021
225,2022-01-19 12:20:42,2022-01-19,19,1,2022
226,2020-07-17 06:35:09,2020-07-17,17,7,2020
227,2021-02-12 04:48:07,2021-02-12,12,2,2021
228,2023-03-19 17:42:14,2023-03-19,19,3,2023
229,2021-04-11 14:54:22,2021-04-11,11,4,2021
230,2020-08-17 22:57:13,2020-08-17,17,8,2020
231,2021-07-02 18:18:19,2021-07-02,2,7,2021
232,2021-12-22 06:21:23,2021-12-22,22,12,2021
233,2021-09-20 21:27:57,2021-09-20,20,9,2021
234,2021-03-28 11:45:42,2021-03-28,28,3,2021
235,2021-02-23 13:21:32,2021-02-23,23,2,2021
236,2020-11-02 18:38:00,2020-11-02,2,11,2020
237,2023-04-25 13:16:09,2023-04-25,25,4,2023
238,2022-11-14 08:21:47,2022-11-14,14,11,2022
239,2021-07-13 09:59:37,2021-07-13,13,7,2021
240,2021-05-26 18:16:04,2021-05-26,26,5,2021
241,2022-10-21 22:21:10,2022-10-21,21,10,2022
242,2020-08-09 16:31:15,2020-08-09,9,8,2020
243,2021-01-30 07:41:35,2021-01-30,30,1,2021
244,2022-01-29 17:22:17,2022-01-29,29,1,2022
245,2020-12-10 13:36:25,2020-12-10,10,12,2020
246,2021-06-14 23:10:28,2021-06-14,14,6,2021
247,2021-02-17 20:33:55,2021-02-17,17,2,2021
248,2022-11-05 22:43:05,2022-11-05,5,11,2022
249,2022-06-11 21:43:25,2022-06-11,11,6,2022
250,2022-11-20 20:54:13,2022-11-20,20,11,2022
251,2023-03-05 05:44:55,2023-03-05,5,3,2023
252,2022-05-21 03:03:13,2022-05-21,21,5,2022
253,2020-12-22 01:23:09,2020-12-22,22,12,2020
254,2021-07-17 17:04:17,2021-07-17,17,7,2021
255,2022-04-16 15:16:26,2022-04-16,16,4,2022
256,2022-04-12 11:11:45,2022-04-12,12,4,2022
257,2022-12-24 15:08:08,2022-12-24,24,12,2022
258,2020-10-04 04:43:50,2020-10-04,4,10,2020
259,2021-10-12 03:26:52,2021-10-12,12,10,2021
260,2021-01-04 22:54:41,2021-01-04,4,1,2021
261,2021-10-22 17:50:39,2021-10-22,22,10,2021
262,2020-08-14 23:38:30,2020-08-14,14,8,2020
263,2023-01-15 21:42:28,2023-01-15,15,1,2023
264,2021-01-22 05:04:17,2021-01-22,22,1,2021
265,2021-03-04 01:57:01,2021-03-04,4,3,2021
266,2023-03-08 11:27:00,2023-03-08,8,3,2023
267,2022-02-26 10:07:27,2022-02-26,26,2,2022
268,2020-08-22 04:00:24,2020-08-22,22,8,2020
269,2022-12-23 07:41:23,2022-12-23,23,12,2022
270,2021-04-09 09:12:48,2021-04-09,9,4,2021
271,2022-03-16 05:04:06,2022-03-16,16,3,2022
272,2023-04-03 03:41:10,2023-04-03,3,4,2023
273,2022-11-28 17:29:04,2022-11-28,28,11,2022
274,2022-04-13 09:02:17,2022-04-13,13,4,2022
275,2020-07-27 00:49:29,2020-07-27,27,7,2020
276,2021-12-25 05:41:15,2021-12-25,25,12,2021
277,2022-02-04 15:45:29,2022-02-04,4,2,2022
278,2021-05-29 11:08:11,2021-05-29,29,5,2021
279,2023-04-03 02:16:07,2023-04-03,3,4,2023
280,2023-02-05 13:19:53,2023-02-05,5,2,2023
281,2022-06-03 05:18:37,2022-06-03,3,6,2022
282,2020-09-25 17:11:11,2020-09-25,25,9,2020
283,2021-08-22 19:51:04,2021-08-22,22,8,2021
284,2022-12-05 05:39:55,2022-12-05,5,12,2022
285,2020-11-02 20:14:04,2020-11-02,2,11,2020
286,2022-01-04 21:04:24,2022-01-04,4,1,2022
287,2021-06-26 20:54:17,2021-06-26,26,6,2021
288,2021-03-21 01:59:01,2021-03-21,21,3,2021
289,2020-12-25 17:51:53,2020-12-25,25,12,2020
290,2021-02-12 08:14:34,2021-02-12,12,2,2021
291,2023-02-06 12:06:47,2023-02-06,6,2,2023
292,2022-01-13 19:20:56,2022-01-13,13,1,2022
293,2023-03-11 18:53:20,2023-03-11,11,3,2023
294,2022-12-14 22:28:58,2022-12-14,14,12,2022
295,2021-02-25 15:16:24,2021-02-25,25,2,2021
296,2022-11-02 00:44:24,2022-11-02,2,11,2022
297,2020-08-21 11:53:46,2020-08-21,21,8,2020
298,2022-11-19 13:52:32,2022-11-19,19,11,2022
299,2022-02-28 17:56:37,2022-02-28,28,2,2022
300,2022-11-14 00:18:01,2022-11-14,14,11,2022
301,2020-07-01 02:38:07,2020-07-01,1,7,2020
302,2020-12-07 11:40:46,2020-12-07,7,12,2020
303,2022-06-01 08:25:09,2022-06-01,1,6,2022
304,2021-03-15 01:36:32,2021-03-15,15,3,2021
305,2020-10-25 22:57:19,2020-10-25,25,10,2020
306,2020-05-27 01:50:40,2020-05-27,27,5,2020
307,2022-08-25 13:04:10,2022-08-25,25,8,2022
308,2022-03-05 03:22:10,2022-03-05,5,3,2022
309,2020-08-08 00:02:15,2020-08-08,8,8,2020
310,2022-03-07 21:15:32,2022-03-07,7,3,2022
311,2020-06-21 15:11:37,2020-06-21,21,6,2020
312,2022-01-14 11:19:25,2022-01-14,14,1,2022
313,2021-08-15 23:51:26,2021-08-15,15,8,2021
314,2023-04-04 11:46:05,2023-04-04,4,4,2023
315,2023-02-03 08:27:37,2023-02-03,3,2,2023
316,2021-02-26 18:58:08,2021-02-26,26,2,2021
317,2021-06-03 02:59:32,2021-06-03,3,6,2021
318,2020-06-04 17:33:28,2020-06-04,4,6,2020
319,2021-01-13 02:18:32,2021-01-13,13,1,2021
320,2021-10-12 22:03:46,2021-10-12,12,10,2021
321,2021-08-30 14:31:56,2021-08-30,30,8,2021
322,2020-08-14 11:15:29,2020-08-14,14,8,2020
323,2022-04-03 23:42:07,2022-04-03,3,4,2022
324,2023-04-25 20:49:00,2023-04-25,25,4,2023
325,2022-05-16 05:30:18,2022-05-16,16,5,2022
326,2022-07-07 18:35:04,2022-07-07,7,7,2022
327,2022-01-07 23:30:18,2022-01-07,7,1,2022
328,2021-11-01 09:19:32,2021-11-01,1,11,2021
329,2022-04-07 22:04:29,2022-04-07,7,4,2022
330,2023-02-06 12:18:52,2023-02-06,6,2,2023
331,2022-11-15 03:40:57,2022-11-15,15,11,2022
332,2021-01-21 01:40:59,2021-01-21,21,1,2021
333,2022-04-02 10:44:26,2022-04-02,2,4,2022
334,2023-02-15 09:23:18,2023-02-15,15,2,2023
335,2021-11-16 05:43:50,2021-11-16,16,11,2021
336,2022-12-31 22:25:35,2022-12-31,31,12,2022
337,2022-01-22 06:29:44,2022-01-22,22,1,2022
338,2023-02-02 07:18:02,2023-02-02,2,2,2023
339,2023-02-22 04:59:24,2023-02-22,22,2,2023
340,2021-12-27 20:05:05,2021-12-27,27,12,2021
341,2022-05-05 09:05:10,2022-05-05,5,5,2022
342,2022-12-09 07:24:52,2022-12-09,9,12,2022
343,2022-10-19 15:30:38,2022-10-19,19,10,2022
344,2022-09-07 15:55:49,2022-09-07,7,9,2022
345,2021-09-08 07:01:22,2021-09-08,8,9,2021
346,2021-06-20 07:04:39,2021-06-20,20,6,2021
347,2022-07-01 10:22:03,2022-07-01,1,7,2022
348,2020-09-23 13:14:35,2020-09-23,23,9,2020
349,2021-03-23 20:32:30,2021-03-23,23,3,2021
350,2021-03-02 07:29:01,2021-03-02,2,3,2021
351,2020-09-13 13:21:00,2020-09-13,13,9,2020
352,2021-08-09 09:31:48,2021-08-09,9,8,2021
353,2020-11-06 19:39:29,2020-11-06,6,11,2020
354,2020-07-05 18:01:01,2020-07-05,5,7,2020
355,2020-11-03 01:09:09,2020-11-03,3,11,2020
356,2022-05-10 21:10:09,2022-05-10,10,5,2022
357,2020-11-11 22:24:04,2020-11-11,11,11,2020
358,2022-03-09 21:43:09,2022-03-09,9,3,2022
359,2023-04-19 11:18:08,2023-04-19,19,4,2023
360,2022-03-28 22:07:55,2022-03-28,28,3,2022
361,2021-11-26 21:32:35,2021-11-26,26,11,2021
362,2023-02-09 14:55:51,2023-02-09,9,2,2023
363,2022-01-17 07:26:39,2022-01-17,17,1,2022
364,2022-07-17 00:27:58,2022-07-17,17,7,2022
365,2023-03-06 02:41:48,2023-03-06,6,3,2023
366,2020-09-20 12:35:07,2020-09-20,20,9,2020
367,2021-01-09 18:13:41,2021-01-09,9,1,2021
368,2020-09-17 01:01:33,2020-09-17,17,9,2020
369,2021-04-23 16:12:11,2021-04-23,23,4,2021
370,2022-09-02 12:06:14,2022-09-02,2,9,2022
371,2022-09-03 13:53:21,2022-09-03,3,9,2022
372,2022-05-26 19:28:38,2022-05-26,26,5,2022
373,2023-03-06 08:22:49,2023-03-06,6,3,2023
374,2023-01-23 07:11:58,2023-01-23,23,1,2023
375,2023-03-04 13:39:06,2023-03-04,4,3,2023
376,2023-03-06 07:41:22,2023-03-06,6,3,2023
377,2022-11-28 09:59:05,2022-11-28,28,11,2022
378,2022-04-11 11:16:30,2022-04-11,11,4,2022
379,2020-12-25 14:32:48,2020-12-25,25,12,2020
380,2022-08-13 16:42:29,2022-08-13,13,8,2022
381,2021-01-14 07:48:25,2021-01-14,14,1,2021
382,2021-04-13 10:38:34,2021-04-13,13,4,2021
383,2022-06-09 10:01:37,2022-06-09,9,6,2022
384,2023-03-22 09:04:04,2023-03-22,22,3,2023
385,2021-03-21 08:47:59,2021-03-21,21,3,2021
386,2022-09-26 22:52:49,2022-09-26,26,9,2022
387,2023-02-23 22:19:54,2023-02-23,23,2,2023
388,2023-01-17 22:52:56,2023-01-17,17,1,2023
389,2021-04-29 02:33:28,2021-04-29,29,4,2021
390,2023-03-25 19:16:25,2023-03-25,25,3,2023
391,2022-06-19 23:40:25,2022-06-19,19,6,2022
392,2023-05-09 18:45:36,2023-05-09,9,5,2023
393,2021-05-08 20:52:40,2021-05-08,8,5,2021
394,2021-06-15 15:59:10,2021-06-15,15,6,2021
395,2021-07-03 09:43:56,2021-07-03,3,7,2021
396,2022-10-10 07:29:27,2022-10-10,10,10,2022
397,2021-12-16 09:20:07,2021-12-16,16,12,2021
398,2022-02-11 20:29:26,2022-02-11,11,2,2022
399,2021-10-13 09:28:20,2021-10-13,13,10,2021
400,2023-01-09 13:50:26,2023-01-09,9,1,2023
401,2020-08-04 02:11:43,2020-08-04,4,8,2020
402,2021-11-10 19:20:56,2021-11-10,10,11,2021
403,2021-08-12 15:13:13,2021-08-12,12,8,2021
404,2020-08-08 05:44:47,2020-08-08,8,8,2020
405,2021-08-04 19:49:45,2021-08-04,4,8,2021
406,2021-02-10 21:51:58,2021-02-10,10,2,2021
407,2021-08-21 00:22:53,2021-08-21,21,8,2021
408,2020-08-22 14:10:33,2020-08-22,22,8,2020
409,2021-07-16 19:22:37,2021-07-16,16,7,2021
410,2022-05-04 22:45:01,2022-05-04,4,5,2022
411,2022-02-07 07:06:59,2022-02-07,7,2,2022
412,2022-01-07 16:20:10,2022-01-07,7,1,2022
413,2021-03-29 03:14:03,2021-03-29,29,3,2021
414,2020-11-06 02:04:47,2020-11-06,6,11,2020
415,2021-01-14 19:54:22,2021-01-14,14,1,2021
416,2022-08-09 21:03:29,2022-08-09,9,8,2022
417,2021-03-21 05:34:49,2021-03-21,21,3,2021
418,2020-12-28 23:30:31,2020-12-28,28,12,2020
419,2022-01-20 10:14:27,2022-01-20,20,1,2022
420,2022-11-11 12:45:15,2022-11-11,11,11,2022
421,2020-08-23 04:36:45,2020-08-23,23,8,2020
422,2021-05-13 15:32:14,2021-05-13,13,5,2021
423,2021-01-21 12:07:14,2021-01-21,21,1,2021
424,2022-03-20 13:23:34,2022-03-20,20,3,2022
425,2021-01-19 02:30:53,2021-01-19,19,1,2021
426,2021-11-14 10:54:39,2021-11-14,14,11,2021
427,2021-12-29 09:26:13,2021-12-29,29,12,2021
428,2022-08-07 23:43:50,2022-08-07,7,8,2022
429,2022-01-10 17:17:44,2022-01-10,10,1,2022
430,2020-12-16 16:58:53,2020-12-16,16,12,2020
431,2020-12-26 01:44:10,2020-12-26,26,12,2020
432,2021-04-24 16:50:24,2021-04-24,24,4,2021
433,2023-01-04 02:36:09,2023-01-04,4,1,2023
434,2022-06-16 04:11:30,2022-06-16,16,6,2022
435,2021-02-16 02:28:23,2021-02-16,16,2,2021
436,2020-11-05 10:05:08,2020-11-05,5,11,2020
437,2023-04-30 03:20:18,2023-04-30,30,4,2023
438,2020-06-13 05:09:39,2020-06-13,13,6,2020
439,2023-04-08 08:46:04,2023-04-08,8,4,2023
440,2021-05-16 17:14:15,2021-05-16,16,5,2021
441,2021-08-24 18:14:13,2021-08-24,24,8,2021
442,2020-12-11 20:35:42,2020-12-11,11,12,2020
443,2021-10-24 11:57:09,2021-10-24,24,10,2021
444,2022-02-05 20:24:06,2022-02-05,5,2,2022
445,2022-01-15 04:35:29,2022-01-15,15,1,2022
446,2020-12-13 06:51:12,2020-12-13,13,12,2020
447,2021-11-27 14:30:50,2021-11-27,27,11,2021
448,2021-12-13 07:33:46,2021-12-13,13,12,2021
449,2021-05-04 07:34:57,2021-05-04,4,5,2021
450,2021-10-28 04:06:28,2021-10-28,28,10,2021
451,2021-12-29 08:50:27,2021-12-29,29,12,2021
452,2022-04-27 04:37:25,2022-04-27,27,4,2022
453,2022-10-20 04:25:30,2022-10-20,20,10,2022
454,2021-02-22 05:11:25,2021-02-22,22,2,2021
455,2023-04-21 12:46:56,2023-04-21,21,4,2023
456,2022-04-27 23:41:41,2022-04-27,27,4,2022
457,2021-05-31 04:39:34,2021-05-31,31,5,2021
458,2023-04-14 01:34:24,2023-04-14,14,4,2023
459,2021-02-13 14:24:50,2021-02-13,13,2,2021
460,2022-08-05 10:15:16,2022-08-05,5,8,2022
461,2021-04-15 09:53:30,2021-04-15,15,4,2021
462,2022-08-01 03:50:01,2022-08-01,1,8,2022
463,2021-09-01 02:30:11,2021-09-01,1,9,2021
464,2021-03-30 21:46:33,2021-03-30,30,3,2021
465,2023-02-18 10:48:25,2023-02-18,18,2,2023
466,2020-08-10 01:28:02,2020-08-10,10,8,2020
467,2020-06-12 13:54:17,2020-06-12,12,6,2020
468,2022-07-25 18:58:44,2022-07-25,25,7,2022
469,2020-12-14 21:08:29,2020-12-14,14,12,2020
470,2020-09-22 15:16:10,2020-09-22,22,9,2020
471,2021-01-30 20:04:04,2021-01-30,30,1,2021
472,2022-09-28 04:14:22,2022-09-28,28,9,2022
473,2021-03-17 04:24:18,2021-03-17,17,3,2021
474,2020-05-14 17:45:30,2020-05-14,14,5,2020
475,2021-05-31 00:30:30,2021-05-31,31,5,2021
476,2020-05-26 18:30:35,2020-05-26,26,5,2020
477,2021-09-17 19:05:42,2021-09-17,17,9,2021
478,2021-04-17 03:51:35,2021-04-17,17,4,2021
479,2022-03-21 23:56:48,2022-03-21,21,3,2022
480,2022-05-25 07:27:20,2022-05-25,25,5,2022
481,2021-01-09 04:21:39,2021-01-09,9,1,2021
482,2022-11-24 23:27:01,2022-11-24,24,11,2022
483,2022-03-21 00:37:55,2022-03-21,21,3,2022
484,2021-01-13 07:27:18,2021-01-13,13,1,2021
485,2021-07-12 02:04:55,2021-07-12,12,7,2021
486,2021-10-01 12:31:24,2021-10-01,1,10,2021
487,2021-06-09 19:06:12,2021-06-09,9,6,2021
488,2020-09-20 23:35:47,2020-09-20,20,9,2020
489,2021-06-04 18:30:35,2021-06-04,4,6,2021
490,2023-02-17 04:54:40,2023-02-17,17,2,2023
491,2023-03-11 03:47:39,2023-03-11,11,3,2023
492,2021-01-07 22:45:19,2021-01-07,7,1,2021
493,2021-01-18 09:05:09,2021-01-18,18,1,2021
494,2022-11-12 17:46:09,2022-11-12,12,11,2022
495,2021-01-06 02:38:37,2021-01-06,6,1,2021
496,2023-04-26 14:40:34,2023-04-26,26,4,2023
497,2021-03-20 13:05:23,2021-03-20,20,3,2021
498,2021-01-01 08:18:07,2021-01-01,1,1,2021
499,2021-12-14 13:29:12,2021-12-14,14,12,2021
500,2022-09-17 08:34:00,2022-09-17,17,9,2022
501,2020-08-05 16:26:07,2020-08-05,5,8,2020
502,2020-11-24 18:30:11,2020-11-24,24,11,2020
503,2020-10-06 18:09:59,2020-10-06,6,10,2020
504,2022-08-15 02:34:22,2022-08-15,15,8,2022
505,2021-09-04 05:28:09,2021-09-04,4,9,2021
506,2020-07-21 10:33:22,2020-07-21,21,7,2020
507,2022-11-03 23:16:40,2022-11-03,3,11,2022
508,2022-07-13 13:34:22,2022-07-13,13,7,2022
509,2020-07-10 19:10:35,2020-07-10,10,7,2020
510,2021-05-12 06:21:48,2021-05-12,12,5,2021
511,2021-11-17 06:47:56,2021-11-17,17,11,2021
512,2023-02-12 07:35:19,2023-02-12,12,2,2023
513,2022-04-26 12:36:31,2022-04-26,26,4,2022
514,2021-06-16 07:05:40,2021-06-16,16,6,2021
515,2021-07-04 04:46:14,2021-07-04,4,7,2021
516,2020-10-27 19:05:17,2020-10-27,27,10,2020
517,2021-06-03 20:41:11,2021-06-03,3,6,2021
518,2022-07-26 14:44:54,2022-07-26,26,7,2022
519,2022-01-17 01:06:19,2022-01-17,17,1,2022
520,2023-04-08 00:54:45,2023-04-08,8,4,2023
521,2021-10-20 10:36:29,2021-10-20,20,10,2021
522,2020-06-21 00:50:57,2020-06-21,21,6,2020
523,2022-03-01 20:15:23,2022-03-01,1,3,2022
524,2022-11-04 20:25:39,2022-11-04,4,11,2022
525,2023-04-06 03:33:28,2023-04-06,6,4,2023
526,2023-01-17 23:26:30,2023-01-17,17,1,2023
527,2021-02-25 02:00:34,2021-02-25,25,2,2021
528,2020-10-20 13:27:25,2020-10-20,20,10,2020
529,2021-09-05 00:26:03,2021-09-05,5,9,2021
530,2021-03-02 02:34:56,2021-03-02,2,3,2021
531,2022-01-15 08:24:52,2022-01-15,15,1,2022
532,2022-05-11 00:27:51,2022-05-11,11,5,2022
533,2021-10-15 03:50:01,2021-10-15,15,10,2021
534,2022-01-19 21:34:35,2022-01-19,19,1,2022
535,2021-07-02 07:32:17,2021-07-02,2,7,2021
536,2021-09-13 21:56:37,2021-09-13,13,9,2021
537,2022-01-18 18:58:44,2022-01-18,18,1,2022
538,2022-03-19 03:43:53,2022-03-19,19,3,2022
539,2020-08-16 02:14:39,2020-08-16,16,8,2020
540,2020-06-20 13:32:26,2020-06-20,20,6,2020
541,2022-06-28 03:55:15,2022-06-28,28,6,2022
542,2022-11-06 08:50:12,2022-11-06,6,11,2022
543,2021-04-04 04:36:18,2021-04-04,4,4,2021
544,2022-06-18 07:11:38,2022-06-18,18,6,2022
545,2020-08-28 05:12:25,2020-08-28,28,8,2020
546,2021-09-06 06:11:33,2021-09-06,6,9,2021
547,2020-06-20 18:39:47,2020-06-20,20,6,2020
548,2022-03-26 02:31:53,2022-03-26,26,3,2022
549,2022-03-29 12:34:01,2022-03-29,29,3,2022
550,2020-12-28 08:44:18,2020-12-28,28,12,2020
551,2021-04-12 02:06:27,2021-04-12,12,4,2021
552,2021-10-17 15:10:12,2021-10-17,17,10,2021
553,2021-03-14 08:21:55,2021-03-14,14,3,2021
554,2021-11-07 22:42:49,2021-11-07,7,11,2021
555,2023-02-06 22:41:09,2023-02-06,6,2,2023
556,2020-07-21 16:49:22,2020-07-21,21,7,2020
557,2022-12-09 13:11:34,2022-12-09,9,12,2022
558,2021-12-09 16:09:13,2021-12-09,9,12,2021
559,2021-06-03 18:08:24,2021-06-03,3,6,2021
560,2022-10-10 22:15:24,2022-10-10,10,10,2022
561,2020-08-03 03:05:28,2020-08-03,3,8,2020
562,2020-11-27 07:22:24,2020-11-27,27,11,2020
563,2021-12-26 20:28:29,2021-12-26,26,12,2021
564,2021-10-10 19:50:50,2021-10-10,10,10,2021
565,2021-10-11 11:32:28,2021-10-11,11,10,2021
566,2022-09-08 05:55:41,2022-09-08,8,9,2022
567,2020-08-13 10:47:33,2020-08-13,13,8,2020
568,2021-09-30 14:23:44,2021-09-30,30,9,2021
569,2020-07-13 06:01:25,2020-07-13,13,7,2020
570,2021-12-28 22:07:06,2021-12-28,28,12,2021
571,2021-08-02 01:38:08,2021-08-02,2,8,2021
572,2022-09-21 08:54:02,2022-09-21,21,9,2022
573,2023-01-29 12:43:34,2023-01-29,29,1,2023
574,2022-10-06 21:36:05,2022-10-06,6,10,2022
575,2023-04-11 18:12:35,2023-04-11,11,4,2023
576,2020-11-24 06:46:24,2020-11-24,24,11,2020
577,2021-12-03 01:00:43,2021-12-03,3,12,2021
578,2020-09-26 07:30:04,2020-09-26,26,9,2020
579,2021-06-04 22:44:49,2021-06-04,4,6,2021
580,2022-05-03 08:26:50,2022-05-03,3,5,2022
581,2022-11-23 12:10:51,2022-11-23,23,11,2022
582,2022-04-07 22:37:33,2022-04-07,7,4,2022
583,2021-05-12 21:37:26,2021-05-12,12,5,2021
584,2021-10-23 16:55:12,2021-10-23,23,10,2021
585,2022-12-03 10:56:23,2022-12-03,3,12,2022
586,2022-01-25 10:18:02,2022-01-25,25,1,2022
587,2022-02-01 15:23:21,2022-02-01,1,2,2022
588,2022-04-17 14:22:00,2022-04-17,17,4,2022
589,2023-03-23 09:17:59,2023-03-23,23,3,2023
590,2022-07-13 17:48:58,2022-07-13,13,7,2022
591,2020-08-16 21:54:09,2020-08-16,16,8,2020
592,2022-09-27 05:21:14,2022-09-27,27,9,2022
593,2023-04-18 22:14:56,2023-04-18,18,4,2023
594,2021-05-04 18:31:18,2021-05-04,4,5,2021
595,2020-08-03 02:34:01,2020-08-03,3,8,2020
596,2022-04-16 00:22:50,2022-04-16,16,4,2022
597,2021-09-03 05:06:14,2021-09-03,3,9,2021
598,2022-12-14 15:24:48,2022-12-14,14,12,2022
599,2020-08-31 03:08:21,2020-08-31,31,8,2020
600,2021-08-04 13:47:56,2021-08-04,4,8,2021
601,2021-05-24 16:06:26,2021-05-24,24,5,2021
602,2022-12-11 17:38:08,2022-12-11,11,12,2022
603,2021-11-22 19:53:50,2021-11-22,22,11,2021
604,2022-06-30 08:47:31,2022-06-30,30,6,2022
605,2023-02-24 00:10:23,2023-02-24,24,2,2023
606,2020-05-19 22:51:19,2020-05-19,19,5,2020
607,2020-10-25 16:13:16,2020-10-25,25,10,2020
608,2022-03-11 23:28:40,2022-03-11,11,3,2022
609,2022-07-30 00:14:26,2022-07-30,30,7,2022
610,2020-10-16 06:03:04,2020-10-16,16,10,2020
611,2022-09-05 12:39:24,2022-09-05,5,9,2022
612,2022-03-04 09:08:29,2022-03-04,4,3,2022
613,2022-05-29 09:14:26,2022-05-29,29,5,2022
614,2021-11-18 05:57:01,2021-11-18,18,11,2021
615,2020-10-12 04:56:14,2020-10-12,12,10,2020
616,2021-04-18 16:27:30,2021-04-18,18,4,2021
617,2021-01-19 15:20:13,2021-01-19,19,1,2021
618,2020-08-19 02:55:44,2020-08-19,19,8,2020
619,2021-07-19 20:09:26,2021-07-19,19,7,2021
620,2023-04-25 15:06:41,2023-04-25,25,4,2023
621,2021-03-07 11:45:05,2021-03-07,7,3,2021
622,2022-10-07 17:27:50,2022-10-07,7,10,2022
623,2022-07-04 09:33:35,2022-07-04,4,7,2022
624,2020-11-22 01:46:03,2020-11-22,22,11,2020
625,2022-10-19 01:37:39,2022-10-19,19,10,2022
626,2020-08-02 00:01:41,2020-08-02,2,8,2020
627,2021-05-01 13:38:52,2021-05-01,1,5,2021
628,2022-12-13 13:34:15,2022-12-13,13,12,2022
629,2021-03-26 09:25:18,2021-03-26,26,3,2021
630,2021-05-18 11:08:03,2021-05-18,18,5,2021
631,2022-07-31 11:28:53,2022-07-31,31,7,2022
632,2022-12-31 00:22:16,2022-12-31,31,12,2022
633,2023-04-19 18:54:51,2023-04-19,19,4,2023
634,2022-04-21 12:18:12,2022-04-21,21,4,2022
635,2021-12-14 16:54:31,2021-12-14,14,12,2021
636,2022-06-20 03:41:44,2022-06-20,20,6,2022
637,2021-08-15 07:48:24,2021-08-15,15,8,2021
638,2020-05-13 12:41:06,2020-05-13,13,5,2020
639,2020-09-02 11:28:05,2020-09-02,2,9,2020
640,2021-10-15 13:38:33,2021-10-15,15,10,2021
641,2021-02-04 23:54:31,2021-02-04,4,2,2021
642,2021-04-23 20:18:46,2021-04-23,23,4,2021
643,2020-10-25 05:55:08,2020-10-25,25,10,2020
644,2021-04-08 03:59:26,2021-04-08,8,4,2021
645,2021-07-09 10:51:27,2021-07-09,9,7,2021
646,2021-10-09 10:36:26,2021-10-09,9,10,2021
647,2022-09-07 23:18:45,2022-09-07,7,9,2022
648,2022-10-14 23:52:11,2022-10-14,14,10,2022
649,2022-08-01 19:10:51,2022-08-01,1,8,2022
650,2020-11-16 00:23:43,2020-11-16,16,11,2020
651,2020-07-01 14:28:46,2020-07-01,1,7,2020
652,2022-01-14 14:10:35,2022-01-14,14,1,2022
653,2022-01-27 03:17:18,2022-01-27,27,1,2022
654,2021-07-06 16:25:37,2021-07-06,6,7,2021
655,2021-10-14 19:52:00,2021-10-14,14,10,2021
656,2023-03-22 13:41:23,2023-03-22,22,3,2023
657,2022-10-04 22:51:15,2022-10-04,4,10,2022
658,2021-12-18 14:07:23,2021-12-18,18,12,2021
659,2020-10-10 04:13:57,2020-10-10,10,10,2020
660,2023-05-05 22:45:52,2023-05-05,5,5,2023
661,2021-04-03 13:04:37,2021-04-03,3,4,2021
662,2023-02-22 14:08:33,2023-02-22,22,2,2023
663,2022-07-16 07:39:04,2022-07-16,16,7,2022
664,2022-06-10 20:31:23,2022-06-10,10,6,2022
665,2022-06-02 14:11:17,2022-06-02,2,6,2022
666,2022-05-24 12:31:38,2022-05-24,24,5,2022
667,2022-04-19 18:18:53,2022-04-19,19,4,2022
668,2020-08-06 10:02:45,2020-08-06,6,8,2020
669,2022-02-22 03:00:16,2022-02-22,22,2,2022
670,2020-06-10 21:06:01,2020-06-10,10,6,2020
671,2020-12-25 06:08:22,2020-12-25,25,12,2020
672,2022-09-07 05:16:34,2022-09-07,7,9,2022
673,2020-11-14 00:28:42,2020-11-14,14,11,2020
674,2022-01-14 14:16:31,2022-01-14,14,1,2022
675,2021-09-15 12:29:14,2021-09-15,15,9,2021
676,2021-08-02 19:45:15,2021-08-02,2,8,2021
677,2022-04-08 12:35:14,2022-04-08,8,4,2022
678,2022-03-05 20:21:52,2022-03-05,5,3,2022
679,2021-04-08 15:59:57,2021-04-08,8,4,2021
680,2022-01-02 18:38:04,2022-01-02,2,1,2022
681,2021-11-03 11:21:42,2021-11-03,3,11,2021
682,2021-02-08 12:38:19,2021-02-08,8,2,2021
683,2021-08-27 04:49:33,2021-08-27,27,8,2021
684,2023-05-03 00:35:59,2023-05-03,3,5,2023
685,2023-04-13 11:01:33,2023-04-13,13,4,2023
686,2022-09-14 04:02:27,2022-09-14,14,9,2022
687,2020-11-28 20:04:02,2020-11-28,28,11,2020
688,2022-02-22 08:43:36,2022-02-22,22,2,2022
689,2020-10-23 03:49:08,2020-10-23,23,10,2020
690,2021-08-10 00:54:22,2021-08-10,10,8,2021
691,2023-05-04 15:07:34,2023-05-04,4,5,2023
692,2021-05-06 12:04:05,2021-05-06,6,5,2021
693,2023-04-27 18:07:02,2023-04-27,27,4,2023
694,2022-07-14 13:17:00,2022-07-14,14,7,2022
695,2021-03-18 04:07:48,2021-03-18,18,3,2021
696,2020-05-19 02:31:30,2020-05-19,19,5,2020
697,2022-10-31 11:33:43,2022-10-31,31,10,2022
698,2021-12-23 14:21:55,2021-12-23,23,12,2021
699,2022-05-13 02:40:25,2022-05-13,13,5,2022
700,2021-02-13 19:29:24,2021-02-13,13,2,2021
701,2020-09-25 08:12:52,2020-09-25,25,9,2020
702,2022-10-22 14:21:29,2022-10-22,22,10,2022
703,2023-03-02 07:14:36,2023-03-02,2,3,2023
704,2023-04-26 14:29:47,2023-04-26,26,4,2023
705,2021-06-23 20:34:42,2021-06-23,23,6,2021
706,2022-01-10 01:07:28,2022-01-10,10,1,2022
707,2021-07-26 10:01:28,2021-07-26,26,7,2021
708,2022-03-07 09:08:37,2022-03-07,7,3,2022
709,2022-11-18 13:10:25,2022-11-18,18,11,2022
710,2021-03-01 14:10:18,2021-03-01,1,3,2021
711,2020-06-15 11:40:42,2020-06-15,15,6,2020
712,2023-02-02 18:22:36,2023-02-02,2,2,2023
713,2022-03-22 12:52:26,2022-03-22,22,3,2022
714,2022-10-19 11:56:03,2022-10-19,19,10,2022
715,2022-12-25 13:07:36,2022-12-25,25,12,2022
716,2021-12-26 04:25:37,2021-12-26,26,12,2021
717,2020-09-20 08:34:17,2020-09-20,20,9,2020
718,2023-02-18 13:18:59,2023-02-18,18,2,2023
719,2022-07-01 20:01:50,2022-07-01,1,7,2022
720,2022-11-08 01:50:12,2022-11-08,8,11,2022
721,2021-07-01 15:34:08,2021-07-01,1,7,2021
722,2021-04-09 01:21:22,2021-04-09,9,4,2021
723,2021-12-08 08:57:51,2021-12-08,8,12,2021
724,2022-09-25 22:42:05,2022-09-25,25,9,2022
725,2021-08-31 20:22:41,2021-08-31,31,8,2021
726,2022-02-12 01:01:56,2022-02-12,12,2,2022
727,2022-02-22 08:29:06,2022-02-22,22,2,2022
728,2022-12-30 01:17:04,2022-12-30,30,12,2022
729,2020-05-21 17:44:15,2020-05-21,21,5,2020
730,2020-12-15 06:51:13,2020-12-15,15,12,2020
731,2021-04-09 01:31:14,2021-04-09,9,4,2021
732,2022-12-16 16:10:03,2022-12-16,16,12,2022
733,2021-05-07 17:18:21,2021-05-07,7,5,2021
734,2020-12-10 04:15:30,2020-12-10,10,12,2020
735,2020-07-13 10:43:16,2020-07-13,13,7,2020
736,2022-08-31 20:13:52,2022-08-31,31,8,2022
737,2021-12-02 02:17:41,2021-12-02,2,12,2021
738,2020-12-03 05:52:14,2020-12-03,3,12,2020
739,2021-03-31 19:17:36,2021-03-31,31,3,2021
740,2020-11-18 01:23:59,2020-11-18,18,11,2020
741,2022-08-26 04:39:08,2022-08-26,26,8,2022
742,2023-04-06 12:24:31,2023-04-06,6,4,2023
743,2023-05-09 09:48:24,2023-05-09,9,5,2023
744,2023-04-18 05:19:30,2023-04-18,18,4,2023
745,2020-12-18 20:31:15,2020-12-18,18,12,2020
746,2020-12-16 23:07:46,2020-12-16,16,12,2020
747,2020-09-14 20:50:55,2020-09-14,14,9,2020
748,2022-05-18 07:14:32,2022-05-18,18,5,2022
749,2022-01-07 18:20:01,2022-01-07,7,1,2022
750,2021-05-05 03:03:54,2021-05-05,5,5,2021
751,2020-12-06 16:36:00,2020-12-06,6,12,2020
752,2020-06-09 04:10:12,2020-06-09,9,6,2020
753,2022-07-10 21:24:20,2022-07-10,10,7,2022
754,2020-12-13 16:49:14,2020-12-13,13,12,2020
755,2021-02-02 07:50:53,2021-02-02,2,2,2021
756,2021-12-10 14:37:22,2021-12-10,10,12,2021
757,2020-08-20 22:43:53,2020-08-20,20,8,2020
758,2020-06-24 12:09:11,2020-06-24,24,6,2020
759,2022-11-05 07:35:08,2022-11-05,5,11,2022
760,2021-04-27 21:02:44,2021-04-27,27,4,2021
761,2020-08-16 11:08:43,2020-08-16,16,8,2020
762,2022-09-02 07:03:48,2022-09-02,2,9,2022
763,2021-04-14 08:09:25,2021-04-14,14,4,2021
764,2023-01-31 23:31:34,2023-01-31,31,1,2023
765,2022-07-21 04:21:46,2022-07-21,21,7,2022
766,2021-11-14 02:36:02,2021-11-14,14,11,2021
767,2022-03-10 23:20:54,2022-03-10,10,3,2022
768,2020-10-27 11:43:05,2020-10-27,27,10,2020
769,2021-06-28 02:57:52,2021-06-28,28,6,2021
770,2022-07-12 02:11:23,2022-07-12,12,7,2022
771,2022-03-15 07:17:26,2022-03-15,15,3,2022
772,2020-08-06 09:08:56,2020-08-06,6,8,2020
773,2022-02-18 02:05:23,2022-02-18,18,2,2022
774,2023-04-22 06:35:37,2023-04-22,22,4,2023
775,2021-11-21 14:46:47,2021-11-21,21,11,2021
776,2022-03-10 21:05:21,2022-03-10,10,3,2022
777,2022-09-05 20:16:11,2022-09-05,5,9,2022
778,2022-08-10 09:10:04,2022-08-10,10,8,2022
779,2023-04-28 19:47:27,2023-04-28,28,4,2023
780,2021-07-07 08:06:50,2021-07-07,7,7,2021
781,2021-04-15 14:55:58,2021-04-15,15,4,2021
782,2020-09-24 07:25:18,2020-09-24,24,9,2020
783,2020-06-19 13:14:35,2020-06-19,19,6,2020
784,2022-10-17 23:16:14,2022-10-17,17,10,2022
785,2021-10-26 11:49:00,2021-10-26,26,10,2021
786,2022-02-03 05:32:44,2022-02-03,3,2,2022
787,2021-08-17 04:33:52,2021-08-17,17,8,2021
788,2021-05-18 19:03:06,2021-05-18,18,5,2021
789,2021-07-01 09:16:18,2021-07-01,1,7,2021
790,2022-10-24 13:27:17,2022-10-24,24,10,2022
791,2020-08-04 05:26:10,2020-08-04,4,8,2020
792,2022-09-01 21:58:09,2022-09-01,1,9,2022
793,2023-01-21 07:56:43,2023-01-21,21,1,2023
794,2020-11-12 16:39:58,2020-11-12,12,11,2020
795,2020-08-07 00:24:07,2020-08-07,7,8,2020
796,2021-10-19 10:07:23,2021-10-19,19,10,2021
797,2021-07-15 01:53:17,2021-07-15,15,7,2021
798,2021-12-05 12:01:21,2021-12-05,5,12,2021
799,2022-12-10 17:09:05,2022-12-10,10,12,2022
800,2021-11-19 09:17:28,2021-11-19,19,11,2021
801,2021-10-10 08:16:34,2021-10-10,10,10,2021
802,2020-11-11 04:44:32,2020-11-11,11,11,2020
803,2022-02-12 14:54:11,2022-02-12,12,2,2022
804,2020-07-09 20:31:21,2020-07-09,9,7,2020
805,2022-05-15 16:53:36,2022-05-15,15,5,2022
806,2022-02-27 00:02:37,2022-02-27,27,2,2022
807,2022-02-18 08:04:17,2022-02-18,18,2,2022
808,2021-05-18 04:43:23,2021-05-18,18,5,2021
809,2022-05-28 20:18:51,2022-05-28,28,5,2022
810,2020-07-03 02:20:23,2020-07-03,3,7,2020
811,2021-05-22 10:27:52,2021-05-22,22,5,2021
812,2022-12-10 01:42:54,2022-12-10,10,12,2022
813,2023-02-13 21:53:38,2023-02-13,13,2,2023
814,2021-01-19 20:00:22,2021-01-19,19,1,2021
815,2021-06-09 12:00:39,2021-06-09,9,6,2021
816,2021-12-17 14:14:20,2021-12-17,17,12,2021
817,2023-03-15 23:51:00,2023-03-15,15,3,2023
818,2022-06-10 06:49:46,2022-06-10,10,6,2022
819,2022-02-08 13:44:39,2022-02-08,8,2,2022
820,2022-05-05 15:49:08,2022-05-05,5,5,2022
821,2023-03-12 17:46:46,2023-03-12,12,3,2023
822,2021-03-23 23:36:12,2021-03-23,23,3,2021
823,2020-12-19 15:09:28,2020-12-19,19,12,2020
824,2021-04-07 15:11:19,2021-04-07,7,4,2021
825,2021-11-06 22:09:20,2021-11-06,6,11,2021
826,2020-08-26 17:47:21,2020-08-26,26,8,2020
827,2021-05-21 16:01:50,2021-05-21,21,5,2021
828,2021-04-02 13:43:21,2021-04-02,2,4,2021
829,2022-12-27 00:14:03,2022-12-27,27,12,2022
830,2020-08-05 00:19:37,2020-08-05,5,8,2020
831,2021-02-22 01:20:09,2021-02-22,22,2,2021
832,2020-06-23 05:53:08,2020-06-23,23,6,2020
833,2022-04-29 04:23:32,2022-04-29,29,4,2022
834,2023-04-27 21:56:58,2023-04-27,27,4,2023
835,2023-01-13 06:29:35,2023-01-13,13,1,2023
836,2020-09-12 19:43:26,2020-09-12,12,9,2020
837,2020-07-16 10:54:13,2020-07-16,16,7,2020
838,2020-08-25 00:15:28,2020-08-25,25,8,2020
839,2022-08-09 10:19:57,2022-08-09,9,8,2022
840,2021-07-13 23:15:58,2021-07-13,13,7,2021
841,2021-12-16 02:30:38,2021-12-16,16,12,2021
842,2022-01-20 11:21:47,2022-01-20,20,1,2022
843,2021-09-18 15:18:52,2021-09-18,18,9,2021
844,2021-04-17 04:47:24,2021-04-17,17,4,2021
845,2022-06-12 03:46:14,2022-06-12,12,6,2022
846,2020-08-05 15:40:02,2020-08-05,5,8,2020
847,2020-06-09 16:37:17,2020-06-09,9,6,2020
848,2021-03-27 15:19:59,2021-03-27,27,3,2021
849,2021-02-28 13:51:23,2021-02-28,28,2,2021
850,2020-08-09 16:14:55,2020-08-09,9,8,2020
851,2020-07-28 14:09:00,2020-07-28,28,7,2020
852,2023-02-23 23:09:08,2023-02-23,23,2,2023
853,2023-01-18 11:02:17,2023-01-18,18,1,2023
854,2020-08-12 12:16:12,2020-08-12,12,8,2020
855,2022-03-08 20:29:28,2022-03-08,8,3,2022
856,2022-02-05 18:12:06,2022-02-05,5,2,2022
857,2022-10-25 21:54:31,2022-10-25,25,10,2022
858,2021-12-15 13:10:27,2021-12-15,15,12,2021
859,2022-11-15 20:49:17,2022-11-15,15,11,2022
860,2021-06-20 14:31:55,2021-06-20,20,6,2021
861,2020-12-28 02:23:03,2020-12-28,28,12,2020
862,2020-10-12 06:13:13,2020-10-12,12,10,2020
863,2022-05-05 23:56:23,2022-05-05,5,5,2022
864,2023-04-03 15:40:52,2023-04-03,3,4,2023
865,2023-02-12 15:34:07,2023-02-12,12,2,2023
866,2022-03-20 10:12:23,2022-03-20,20,3,2022
867,2021-01-06 13:45:22,2021-01-06,6,1,2021
868,2023-01-30 10:03:36,2023-01-30,30,1,2023
869,2020-12-17 05:37:37,2020-12-17,17,12,2020
870,2021-10-11 00:51:23,2021-10-11,11,10,2021
871,2021-02-17 11:17:08,2021-02-17,17,2,2021
872,2020-07-07 09:29:12,2020-07-07,7,7,2020
873,2021-04-04 18:47:33,2021-04-04,4,4,2021
874,2023-03-03 14:24:02,2023-03-03,3,3,2023
875,2021-03-11 15:15:03,2021-03-11,11,3,2021
876,2022-04-27 06:50:44,2022-04-27,27,4,2022
877,2021-05-27 07:36:47,2021-05-27,27,5,2021
878,2022-04-25 14:11:03,2022-04-25,25,4,2022
879,2023-03-14 17:31:14,2023-03-14,14,3,2023
880,2022-12-30 16:56:08,2022-12-30,30,12,2022
881,2022-10-12 20:30:22,2022-10-12,12,10,2022
882,2021-06-30 23:42:39,2021-06-30,30,6,2021
883,2020-06-06 03:54:48,2020-06-06,6,6,2020
884,2022-06-05 06:55:40,2022-06-05,5,6,2022
885,2020-11-11 10:09:51,2020-11-11,11,11,2020
886,2022-12-13 10:25:26,2022-12-13,13,12,2022
887,2020-10-05 19:53:55,2020-10-05,5,10,2020
888,2022-11-02 10:00:01,2022-11-02,2,11,2022
889,2020-09-27 01:56:33,2020-09-27,27,9,2020
890,2022-11-03 20:07:59,2022-11-03,3,11,2022
891,2022-10-28 12:57:14,2022-10-28,28,10,2022
892,2022-07-03 20:57:22,2022-07-03,3,7,2022
893,2022-02-08 00:07:43,2022-02-08,8,2,2022
894,2022-02-24 00:45:03,2022-02-24,24,2,2022
895,2022-03-24 04:29:03,2022-03-24,24,3,2022
896,2022-05-26 18:08:59,2022-05-26,26,5,2022
897,2022-07-26 19:54:41,2022-07-26,26,7,2022
898,2021-07-26 16:25:57,2021-07-26,26,7,2021
899,2021-01-03 16:28:17,2021-01-03,3,1,2021
900,2022-11-12 20:37:25,2022-11-12,12,11,2022
901,2020-08-09 02:38:57,2020-08-09,9,8,2020
902,2022-11-22 00:10:18,2022-11-22,22,11,2022
903,2022-12-02 02:47:08,2022-12-02,2,12,2022
904,2021-05-10 04:29:51,2021-05-10,10,5,2021
905,2021-07-24 21:39:32,2021-07-24,24,7,2021
906,2020-05-19 21:17:21,2020-05-19,19,5,2020
907,2020-07-07 18:13:45,2020-07-07,7,7,2020
908,2021-06-02 06:06:03,2021-06-02,2,6,2021
909,2020-05-26 06:52:36,2020-05-26,26,5,2020
910,2021-02-03 02:51:53,2021-02-03,3,2,2021
911,2021-01-15 23:31:39,2021-01-15,15,1,2021
912,2020-07-11 16:31:11,2020-07-11,11,7,2020
913,2021-11-03 05:10:10,2021-11-03,3,11,2021
914,2022-10-17 17:32:37,2022-10-17,17,10,2022
915,2021-12-22 22:03:58,2021-12-22,22,12,2021
916,2022-06-06 16:20:03,2022-06-06,6,6,2022
917,2020-09-21 21:47:26,2020-09-21,21,9,2020
918,2023-01-03 02:44:49,2023-01-03,3,1,2023
919,2021-01-30 02:28:13,2021-01-30,30,1,2021
920,2022-12-05 18:17:22,2022-12-05,5,12,2022
921,2021-08-20 22:59:52,2021-08-20,20,8,2021
922,2020-07-10 16:33:59,2020-07-10,10,7,2020
923,2022-06-23 14:32:20,2022-06-23,23,6,2022
924,2022-05-29 15:17:15,2022-05-29,29,5,2022
925,2022-02-21 01:20:48,2022-02-21,21,2,2022
926,2021-02-15 00:00:02,2021-02-15,15,2,2021
927,2020-06-01 01:51:10,2020-06-01,1,6,2020
928,2021-11-06 07:56:48,2021-11-06,6,11,2021
929,2022-08-05 21:34:44,2022-08-05,5,8,2022
930,2021-07-15 12:29:15,2021-07-15,15,7,2021
931,2023-05-01 03:06:15,2023-05-01,1,5,2023
932,2020-06-23 21:14:48,2020-06-23,23,6,2020
933,2022-06-13 07:05:43,2022-06-13,13,6,2022
934,2022-01-30 21:16:50,2022-01-30,30,1,2022
935,2020-06-05 13:26:30,2020-06-05,5,6,2020
936,2022-03-01 07:00:15,2022-03-01,1,3,2022
937,2022-03-09 01:52:40,2022-03-09,9,3,2022
938,2022-03-18 10:46:34,2022-03-18,18,3,2022
939,2021-02-03 19:24:28,2021-02-03,3,2,2021
940,2020-12-08 01:28:47,2020-12-08,8,12,2020
941,2023-01-25 04:40:34,2023-01-25,25,1,2023
942,2020-12-19 10:57:52,2020-12-19,19,12,2020
943,2021-12-15 05:34:35,2021-12-15,15,12,2021
944,2021-10-27 05:49:31,2021-10-27,27,10,2021
945,2021-11-24 07:56:58,2021-11-24,24,11,2021
946,2021-06-15 15:29:21,2021-06-15,15,6,2021
947,2023-02-24 18:07:09,2023-02-24,24,2,2023
948,2022-12-16 02:22:47,2022-12-16,16,12,2022
949,2023-02-03 23:52:51,2023-02-03,3,2,2023
950,2022-07-02 20:19:01,2022-07-02,2,7,2022
951,2021-04-10 03:29:15,2021-04-10,10,4,2021
952,2023-03-04 21:11:52,2023-03-04,4,3,2023
953,2022-05-03 17:05:09,2022-05-03,3,5,2022
954,2022-05-08 05:00:42,2022-05-08,8,5,2022
955,2021-09-14 06:54:20,2021-09-14,14,9,2021
956,2022-02-05 19:46:12,2022-02-05,5,2,2022
957,2023-03-27 15:27:46,2023-03-27,27,3,2023
958,2020-09-09 20:03:49,2020-09-09,9,9,2020
959,2023-03-31 07:40:49,2023-03-31,31,3,2023
960,2020-05-18 11:37:01,2020-05-18,18,5,2020
961,2021-08-03 17:07:46,2021-08-03,3,8,2021
962,2022-01-15 06:58:22,2022-01-15,15,1,2022
963,2020-08-10 17:27:01,2020-08-10,10,8,2020
964,2022-11-07 06:30:48,2022-11-07,7,11,2022
965,2023-03-16 18:36:39,2023-03-16,16,3,2023
966,2020-12-24 19:53:06,2020-12-24,24,12,2020
967,2023-03-24 19:58:53,2023-03-24,24,3,2023
968,2021-12-20 04:41:03,2021-12-20,20,12,2021
969,2023-03-18 17:42:48,2023-03-18,18,3,2023
970,2022-04-13 10:53:25,2022-04-13,13,4,2022
971,2020-06-22 13:45:14,2020-06-22,22,6,2020
972,2022-02-10 00:58:05,2022-02-10,10,2,2022
973,2023-03-20 09:50:17,2023-03-20,20,3,2023
974,2021-02-13 15:36:55,2021-02-13,13,2,2021
975,2020-06-20 12:18:06,2020-06-20,20,6,2020
976,2021-08-28 12:09:32,2021-08-28,28,8,2021
977,2021-08-15 13:19:41,2021-08-15,15,8,2021
978,2022-07-17 21:37:49,2022-07-17,17,7,2022
979,2020-12-25 11:58:33,2020-12-25,25,12,2020
980,2021-06-20 20:04:48,2021-06-20,20,6,2021
981,2022-11-27 21:17:25,2022-11-27,27,11,2022
982,2021-01-06 14:43:48,2021-01-06,6,1,2021
983,2020-12-14 12:24:49,2020-12-14,14,12,2020
984,2021-03-29 09:37:09,2021-03-29,29,3,2021
985,2021-05-14 23:27:45,2021-05-14,14,5,2021
986,2021-03-21 06:46:48,2021-03-21,21,3,2021
987,2022-05-20 07:07:25,2022-05-20,20,5,2022
988,2020-10-26 03:31:42,2020-10-26,26,10,2020
989,2020-06-20 07:28:36,2020-06-20,20,6,2020
990,2021-02-17 10:31:23,2021-02-17,17,2,2021
991,2020-06-21 07:18:39,2020-06-21,21,6,2020
992,2020-06-12 02:37:59,2020-06-12,12,6,2020
993,2022-09-15 12:41:34,2022-09-15,15,9,2022
994,2021-10-10 17:28:38,2021-10-10,10,10,2021
995,2021-08-05 00:06:03,2021-08-05,5,8,2021
996,2020-10-15 17:44:43,2020-10-15,15,10,2020
997,2022-01-19 04:18:52,2022-01-19,19,1,2022
998,2020-09-14 05:01:42,2020-09-14,14,9,2020
999,2022-12-06 10:57:15,2022-12-06,6,12,2022
1000,2023-01-18 09:59:12,2023-01-18,18,1,2023
